table_name,primary_key
ACCOUNTINGCATEGORY,CONTEXTID|ACCOUNTINGCATEGORYID
ACEAPPOINTMENT,CONTEXTID|ACEAPPOINTMENTID
ACTIONREASONRULEACTION,CONTEXTID|ACTIONREASONRULEACTIONID
ACTIONREASONRULECLASS,CONTEXTID|ACTIONREASONRULECLASSID
ACTIONREASONRULEDEPARTMENT,CONTEXTID|ACTIONREASONRULEDEPARTMENTID
ACTIONREASONRULEORDERGENUS,CONTEXTID|ACTIONREASONRULEORDERGENUSID
ACTIONREASONRULEPROCSTATUS,CONTEXTID|ACTIONREASONRULEPROCSTATUSID
ACTIONREASONRULEPROVIDER,CONTEXTID|ACTIONREASONRULEPROVIDERID
ACTIONREASONRULERESULTCATEGORY,CONTEXTID|ACTIONREASONRULERESULTCATEGORYID
ACTIVITYFACT,CONTEXTID|ID|TRANSACTIONVOIDED
ADJUDICATIONPROGRAM,CONTEXTID|ADJUDICATIONPROGRAMID
AIRLOCKACCELERATOR,CONTEXTID|AIRLOCKACCELERATORID
ALLERGY,CONTEXTID|ALLERGYID|TYPE
ALLOWABLESCHEDULECATEGORY,CONTEXTID|ALLOWABLESCHEDULECATEGORYID|TYPE|OPERATIONID
AMEXCONTRACT,CONTEXTID|AMEXCONTRACTID
ANESTHESIACASE,CONTEXTID|ANESTHESIACASEID
ANESTHESIACASEDATA,CONTEXTID|ANESTHESIACASEDATAID
ANESTHESIATYPE,CONTEXTID|ANESTHESIATYPEID
ANSISPECIALTY,CONTEXTID|ANSISPECIALTYID
APPOINTMENT,CONTEXTID|APPOINTMENT_ID
APPOINTMENT_2, CONTEXTID|APPOINTMENTID
APPOINTMENTAUDIT,CONTEXTID|ENTITYID|OPERATION
APPOINTMENTCANCELREASON,CONTEXTID|APPOINTMENTCANCELREASONID
APPOINTMENTCOMMUNICATOR,CONTEXTID|APPOINTMENTCOMMUNICATORID
APPOINTMENTCONFIRMATION,CONTEXTID|APPOINTMENTCONFIRMATIONID
APPOINTMENTELIGIBILITYINFO,CONTEXTID|APPOINTMENTELIGIBILITYINFOID
APPOINTMENTLIMIT,CONTEXTID|APPOINTMENTLIMITID
APPOINTMENTLIMITTIMERANGE,CONTEXTID|APPOINTMENTLIMITTIMERANGEID
APPOINTMENTNOTE,CONTEXTID|APPOINTMENTNOTEID
APPOINTMENTRECORDNUMBER,CONTEXTID|APPOINTMENTRECORDNUMBERID
APPOINTMENTTICKLER,CONTEXTID|APPOINTMENTTICKLERID
APPOINTMENTTICKLERAUDR,CONTEXTID|APPOINTMENTTICKLERAUDRID
APPOINTMENTTYPE,CONTEXTID|APPOINTMENTTYPEID
APPOINTMENTTYPEAUDR,CONTEXTID|APPOINTMENTTYPEAUDRID
APPOINTMENTTYPECLASS,CONTEXTID|APPOINTMENTTYPECLASSID
APPOINTMENTTYPEMATRIX,CONTEXTID|APPOINTMENTTYPEMATRIXID
APPOINTMENTTYPEMATRIXAUDR,CONTEXTID|APPOINTMENTTYPEMATRIXAUDRID
APPOINTMENTVIEW,CONTEXTID|APPOINTMENTVIEWID|REVERSALFLAG
APPTCANONAPPTTYPESPLTY,CONTEXTID|APPTCANONAPPTTYPESPLTYID
APPTPARAPPOINTMENTTYPE,CONTEXTID|APPTPARAPPOINTMENTTYPEID
APPTSCHEDAPPLIEDTEMPLATE,CONTEXTID|APPTSCHEDAPPLIEDTEMPLATEID
APPTSCHEDPROFILEAPPTTYPE,CONTEXTID|APPTSCHEDPROFILEAPPTTYPEID
APPTSCHEDTEMPAPPTTYPE,CONTEXTID|APPTSCHEDTEMPAPPTTYPEID
APPTSCHEDTEMPAPPTTYPEBLOCK,CONTEXTID|APPTSCHEDTEMPAPPTTYPEBLOCKID
APPTSCHEDTEMPDEPARTMENTBLOCK,CONTEXTID|APPTSCHEDTEMPDEPARTMENTBLOCKID
APPTSCHEDULINGNOTE,CONTEXTID|APPTSCHEDULINGNOTEID
APPTSCHEDULINGPROFILE,CONTEXTID|APPTSCHEDULINGPROFILEID
APPTSCHEDULINGTEMPLATE,CONTEXTID|APPTSCHEDULINGTEMPLATEID
APPTSLOTSCHEDULABLE,CONTEXTID|APPTSLOTSCHEDULABLEID
APPTSPECIALTYAPPTTYPE,CONTEXTID|APPTSPECIALTYAPPTTYPEID
ATTACHMENT,CONTEXTID|ATTACHMENTID
AUTHORIZATIONTASKSTATUS,CONTEXTID|AUTHORIZATIONTASKSTATUSID
BANKSTATEMENTACCOUNT,CONTEXTID|BANKSTATEMENTACCOUNTID
BANKSTATEMENTACCOUNTENTITY,CONTEXTID|BANKSTATEMENTACCOUNTENTITYID
BATCHMETHOD,CONTEXTID|BATCHMETHODID
BILLINGBATCH,CONTEXTID|BILLINGBATCHID
CAIRCONSENT,CONTEXTID|CAIRCONSENTID
CANONICALAPPOINTMENTTYPE,CONTEXTID|CANONICALAPPOINTMENTTYPEID
CAPPAYMENT,CONTEXTID|CAPPAYMENTID
CARDTYPE,CONTEXTID|CARDTYPEID
CDSCLAIMDIAGNOSIS,CONTEXTID|CDSCLAIMDIAGNOSISID
CDSMECHANISM,CONTEXTID|CDSMECHANISMID
CHARGEDETAIL,CONTEXTID|CHARGEDETAILID
CHARGEDIAGNOSIS,CONTEXTID|CHARGEDIAGNOSISID
CHARGEEXTRAFIELDS,CONTEXTID|TRANSACTIONEXTENSIONID
CHARGEMASTERCHARGE,CONTEXTID|CHARGEMASTERCHARGEID
CHARGEMASTERCODE,CONTEXTID|CHARGEMASTERCODEID
CHARGENOTE,CONTEXTID|CHARGENOTEID
CHART,CONTEXTID|CHARTID
CHARTALERT,CONTEXTID|CHARTALERTID
CHARTALERTAUDR,CONTEXTID|CHARTALERTAUDRID
CHARTEPISODE,CONTEXTID|CHARTEPISODEID
CHARTEPISODEDATA,CONTEXTID|CHARTEPISODEDATAID
CHARTEPISODEENCOUNTER,CONTEXTID|CHARTEPISODEENCOUNTERID
CHARTQNRMETAQAMAP,CONTEXTID|CHARTQNRMETAQAMAPID
CHARTQUESTIONNAIRE,CONTEXTID|CHARTQUESTIONNAIREID
CHARTQUESTIONNAIREANSWER,CONTEXTID|CHARTQUESTIONNAIREANSWERID
CHARTQUESTIONNAIREAUDR,CONTEXTID|CHARTQUESTIONNAIREAUDRID
CHARTQUESTIONNAIREDOCUMENT,CONTEXTID|CHARTQUESTIONNAIREDOCUMENTID
CHARTSHARINGGROUP,CONTEXTID|CHARTSHARINGGROUPID
CHARTSNOMEDICD,CONTEXTID|CHARTSNOMEDICDID
CHARTSNOMEDICDEVENT,CONTEXTID|CHARTSNOMEDICDEVENTID
CHRONICCAREMANAGEMENT,CONTEXTID|CHRONICCAREMANAGEMENTID
CHRONICCARESTATUS,CONTEXTID|CHRONICCARESTATUSID
CLAIM,CONTEXTID|CLAIMID
CLAIMALARM,CONTEXTID|CLAIMALARMID
CLAIMALARMDAYS,CONTEXTID|CLAIMALARMDAYSID
CLAIMATTACHMENT,CONTEXTID|CLAIMATTACHMENTID
CLAIMAUDIT,CONTEXTID|ENTITYID|OPERATION
CLAIMDIAGNOSIS,CONTEXTID|CLAIMDIAGNOSISID
CLAIMEXTRAFIELDS,CONTEXTID|EXTRACLAIMFIELDID
CLAIMNOTE,CONTEXTID|CLAIMNOTEID
CLAIMRECORDNUMBER,CONTEXTID|CLAIMRECORDNUMBERID
CLAIMRULE,CONTEXTID|CLAIMRULEID
CLAIMSTATUS,CONTEXTID|CLAIMSTATUSID
CLAIMSUBMISSIONCATEGORY,CONTEXTID|CLAIMSUBMISSIONCATEGORYID
CLIENT,CONTEXTID|CLIENTID
CLIENTAUDR,CONTEXTID|CLIENTAUDRID
CLIENTFILETRANSFERDETAILS,CONTEXTID|CLIENTFILETRANSFERDETAILSID
CLIENTFILETRANSFERREQUEST,CONTEXTID|CLIENTFILETRANSFERREQUESTID
CLIENTFORM,CONTEXTID|CLIENTFORMID
CLIENTRECORDNUMBER,CONTEXTID|CLIENTRECORDNUMBERID
CLIENTRECORDNUMBERAUDR,CONTEXTID|CLIENTRECORDNUMBERAUDRID
CLINENCPREPNOTEAUDR,CONTEXTID|CLINENCPREPNOTEAUDRID
CLINICALAFFILIATE,CONTEXTID|CLINICALAFFILIATEID
CLINICALDME,CONTEXTID|CLINICALDMEID
CLINICALENCOUNTER,CONTEXTID|CLINICALENCOUNTERID
CLINICALENCOUNTERAUDR,CONTEXTID|CLINICALENCOUNTERAUDITID
CLINICALENCOUNTERDATA,CONTEXTID|CLINICALENCOUNTERDATAID
CLINICALENCOUNTERDATAAUDR,CONTEXTID|CLINICALENCOUNTERDATAAUDITID
CLINICALENCOUNTERDIAGNOSIS,CONTEXTID|CLINICALENCOUNTERDXID
CLINICALENCOUNTERDICTATION,CONTEXTID|CLINICALENCOUNTERDICTATIONID
CLINICALENCOUNTERDXICD10,CONTEXTID|CLINICALENCOUNTERDXICD10ID
CLINICALENCOUNTERDXICD9,CONTEXTID|CLINICALENCOUNTERDXICD9ID
CLINICALENCOUNTERPLAN,CONTEXTID|CLINICALENCOUNTERPLANID
CLINICALENCOUNTERPREPNOTE,CONTEXTID|CLINICALENCOUNTERPREPNOTEID
CLINICALENCOUNTERREASON,CONTEXTID|CLINICALENCOUNTERREASONID
CLINICALENCOUNTERREASONUSER,CONTEXTID|CLINICALENCOUNTERREASONUSERID
CLINICALENCOUNTERSECTIONTIME,CONTEXTID|CLINICALENCOUNTERSECTIONTIMEID
CLINICALENCOUNTERTIMESTAMP,CONTEXTID|CLINICALENCOUNTERTIMESTAMPID
CLINICALENCREASONSPECIALTY,CONTEXTID|CLINICALENCREASONSPECIALTYID
CLINICALLABTEMPLATE,CONTEXTID|CLINICALLABTEMPLATEID
CLINICALLETTER,CONTEXTID|CLINICALLETTERID
CLINICALORDERGENUS,CONTEXTID|CLINICALORDERGENUSID
CLINICALORDERQUESTION,CONTEXTID|CLINICALORDERQUESTIONID
CLINICALORDERSET,CONTEXTID|CLINICALORDERSETID
CLINICALORDERSETELEMENT,CONTEXTID|CLINICALORDERSETELEMENTID
CLINICALORDERSETSPECIALTY,CONTEXTID|CLINICALORDERSETSPECIALTYID
CLINICALORDERSETUSER,CONTEXTID|CLINICALORDERSETUSERID
CLINICALORDERTYPE,CONTEXTID|CLINICALORDERTYPEID
CLINICALORDERTYPEANSISPECIALTY,CONTEXTID|CLINICALORDERTYPEANSISPECIALTYID
CLINICALORDERTYPECPT,CONTEXTID|CLINICALORDERTYPECPTID
CLINICALORDERTYPEGROUP,CONTEXTID|CLINICALORDERTYPEGROUPID
CLINICALORDERTYPEGROUPPROVIDER,CONTEXTID|CLINICALORDERTYPEGROUPPROVIDERID
CLINICALPAPERFORM,CONTEXTID|CLINICALPAPERFORMID
CLINICALPATIENTDATA,CONTEXTID|CLINICALPATIENTDATAID
CLINICALPATIENTDATAAUDR,CONTEXTID|CLINICALPATIENTDATAAUDRID
CLINICALPRESCRIPTION,CONTEXTID|CLINICALPRESCRIPTIONID
CLINICALPROVIDER,CONTEXTID|CLINICALPROVIDERID
CLINICALPROVIDERDIRECTADDR,CONTEXTID|CLINICALPROVIDERDIRECTADDRID
CLINICALPROVIDERORDERTYPE,CONTEXTID|CLINICALPROVIDERORDERTYPEID
CLINICALRESULT,CONTEXTID|CLINICALRESULTID
CLINICALRESULTOBSERVATION,CONTEXTID|CLINICALOBSERVATIONID
CLINICALSERVICE,CONTEXTID|CLINICALSERVICEID
CLINICALSERVICEDIAGNOSIS,CONTEXTID|CLINICALSERVICEDIAGNOSISID
CLINICALSERVICEMODIFIER,CONTEXTID|CLINICALSERVICEMODIFIERID
CLINICALSERVICEPROCEDURECODE,CONTEXTID|CLINICALSERVICEPROCCODEID
CLINICALTASK,CONTEXTID|CLINICALTASKID
CLINICALTEMPLATE,CONTEXTID|PATIENTTEMPLATEDATAID|CLINICALTEMPLATEID
CLINICALTEMPLATEDATA,CONTEXTID|CLINICALTEMPLATEDATAID
CLINICALVACCINE,CONTEXTID|CLINICALVACCINEID
CLNENCDIAGNOSISAUDR,CONTEXTID|CLNENCDIAGNOSISAUDRID
CLNEYECAREEXAMCHARGEGROUP,CONTEXTID|CLNEYECAREEXAMCHARGEGROUPID
CLNEYECAREEXAMPROCCODE,CONTEXTID|CLNEYECAREEXAMPROCCODEID
CLNEYECAREEXAMTYPE,CONTEXTID|CLNEYECAREEXAMTYPEID
CLNOBPLANDISCUSSION,CONTEXTID|CLNOBPLANDISCUSSIONID
CMCAREEVENT,CONTEXTID|CMCAREEVENTID
CMCAREPLAN,CONTEXTID|CMCAREPLANID
CMCATEGORY,CONTEXTID|CMCATEGORYID
CMHEALTHSTATUS,CONTEXTID|CMHEALTHSTATUSID
CMLOCALPROGRAM,CONTEXTID|CMLOCALPROGRAMID
CMPLANGOAL,CONTEXTID|CMPLANGOALID
CMPLANPROBLEM,CONTEXTID|CMPLANPROBLEMID
CMPLANTASK,CONTEXTID|CMPLANTASKID
CMPLANTASKRECORD,CONTEXTID|CMPLANTASKRECORDID
CMPROGRAM,CONTEXTID|CMPROGRAMID
CMPROGRAMCATEGORYMAP,CONTEXTID|CMPROGRAMCATEGORYMAPID
CMPROGRAMCHARTMAP,CONTEXTID|CMPROGRAMCHARTMAPID
COMMONWELLPATIENTDATA,CONTEXTID|COMMONWELLPATIENTDATAID
COMMONWELLPATIENTDATAAUDR,CONTEXTID|COMMONWELLPATIENTDATAAUDRID
COMMUNICATORBRAND,CONTEXTID|COMMUNICATORBRANDID
CONTEXT,CONTEXTID
COPAYCHOICE,CONTEXTID|COPAYCHOICEID
COPAYTYPE,CONTEXTID|COPAYTYPEID
CORPACCOUNTINSURANCEPACKAGE,CONTEXTID|CORPACCOUNTINSURANCEPACKAGEID
CORPACCOUNTINVOICECLAIM,CONTEXTID|CORPACCOUNTINVOICECLAIMID
CORPACCOUNTPROCEDUREGROUP,CONTEXTID|CORPACCOUNTPROCEDUREGROUPID
CORPORATEACCOUNT,CONTEXTID|CORPORATEACCOUNTID
CORPORATEACCOUNTINVOICE,CONTEXTID|CORPORATEACCOUNTINVOICEID
CORPORATEINVOICE,CONTEXTID|CORPORATEINVOICEID
CORPORATEINVOICECLAIM,CONTEXTID|CORPORATEINVOICEID
COTORDERCODE,CONTEXTID|COTORDERCODEID
COUNTRY,CONTEXTID|COUNTRYID
CPNETWORKCLINICALPROVIDER,CONTEXTID|CPNETWORKCLINICALPROVIDERID
CPNETWORKCONTEXT,CONTEXTID|CPNETWORKCONTEXTID
CPNETWORKMEMBERTYPE,CONTEXTID|CPNETWORKMEMBERTYPEID
CRDHEALTHPLAN,CONTEXTID|CRDHEALTHPLANID
CRDIHETRANSACTION,CONTEXTID|CRDIHETRANSACTIONID
CUSTOMADMISSIONFIELDS,CONTEXTID|ADMISSIONRECORDNUMBERID
CUSTOMAPPOINTMENTFIELDS,CONTEXTID|APPOINTMENTRECORDNUMBERID
CUSTOMCLAIMFIELDS,CONTEXTID|CLAIMRECORDNUMBERID
CUSTOMDEMOGRAPHICS,CONTEXTID|CLIENTRECORDNUMBERID
CUSTOMDEPARTMENTFIELDS,CONTEXTID|DEPARTMENTRECORDNUMBERID
CUSTOMPROVIDERFIELDS,CONTEXTID|PROVIDERRECORDNUMBERID
CUSTOMREPORTINGGROUP,CONTEXTID|CUSTOMREPORTINGGROUPID
CUSTOMRULE,CONTEXTID|CUSTOMRULEID
CUSTOMRULECATEGORY,CONTEXTID|CUSTOMRULECATEGORYID
CUSTOMRVUMODIFIERADJUSTMENTS,CONTEXTID|GROUPID|MODIFIER
CUSTOMRVUPROCEDUREVALUES,CONTEXTID|GROUPID|PROCEDURECODE
CUSTOMTRANSACTIONCODE,CONTEXTID|CUSTOMTRANSACTIONCODE
DATARECONCILETASK,CONTEXTID|DATARECONCILETASKID
DENIALCLAIMNOTE,CONTEXTID|DENIALCLAIMNOTEID
DEPARTMENT,CONTEXTID|DEPARTMENTID
DEPARTMENTAUDIT,CONTEXTID|DEPARTMENTAUDITID
DEPARTMENTDESIGNATION,CONTEXTID|DEPARTMENTDESIGNATIONID
DEPARTMENTDESIGNATIONGROUP,CONTEXTID|DEPARTMENTDESIGNATIONGROUPID
DEPARTMENTDESIGNATIONINSPKG,CONTEXTID|DEPARTMENTDESIGNATIONINSPKGID
DEPARTMENTFEESCHEDULE,CONTEXTID|DEPARTMENTFEESCHEDULEID
DEPARTMENTGROUP,CONTEXTID|DEPARTMENTGROUPID
DEPARTMENTNUMBER,CONTEXTID|DEPARTMENTNUMBERID
DEPARTMENTPROVIDER,CONTEXTID|DEPARTMENTPROVIDERID
DEPARTMENTRECORDNUMBER,CONTEXTID|DEPARTMENTRECORDNUMBERID
DEPOSITBATCH,CONTEXTID|DEPOSITBATCHID
DIAGNOSISCODE,CONTEXTID|DIAGNOSISCODE
DIAGNOSISCODESET,CONTEXTID|DIAGNOSISCODESETID
DOCUMENT,CONTEXTID|DOCUMENTID
DOCUMENTACTION,CONTEXTID|DOCUMENTACTIONID
DOCUMENTACTIONREASON,CONTEXTID|DOCUMENTACTIONREASONID
DOCUMENTACTIONREASONRULE,CONTEXTID|DOCUMENTACTIONREASONRULEID
DOCUMENTANNOTATION,CONTEXTID|DOCUMENTANNOTATIONID
DOCUMENTAPPOINTMENTREQUEST,CONTEXTID|APPOINTMENTREQUESTID
DOCUMENTAUDR,CONTEXTID|DOCUMENTAUDRID
DOCUMENTCATEGORY,CONTEXTID|DOCUMENTCATEGORYID
DOCUMENTCLASS,CONTEXTID|DOCUMENTCLASSID
DOCUMENTCLINICALTEMPLATEDATA,CONTEXTID|DOCUMENTCLINICALTEMPLATEDATAID
DOCUMENTDIAGNOSIS,CONTEXTID|DOCUMENTDIAGNOSISID
DOCUMENTDIAGNOSISICD10,CONTEXTID|DOCUMENTDIAGNOSISICD10ID
DOCUMENTDIAGNOSISICD9,CONTEXTID|DOCUMENTDIAGNOSISICD9ID
DOCUMENTINSURANCE,CONTEXTID|DOCUMENTINSURANCEID
DOCUMENTREQUISITION,CONTEXTID|DOCUMENTREQUISITIONID
DOCUMENTRESULTDATA,CONTEXTID|DOCUMENTRESULTDATAID
DOCUMENTRESULTTYPE,CONTEXTID|DOCUMENTRESULTTYPEID
DOCUMENTRESULTTYPEVALUE,CONTEXTID|DOCUMENTRESULTTYPEVALUEID
DOCUMENTRESULTVALUE,CONTEXTID|DOCUMENTRESULTVALUEID
DOCUMENTSCANPAGE,CONTEXTID|DOCUMENTSCANPAGEID
DOCUMENTSEEN,CONTEXTID|DOCUMENTSEENID
DOCUMENTSUBCLASS,CONTEXTID|DOCUMENTSUBCLASSID
DRIVERSLICENSEIMAGE,CONTEXTID|PATIENTATTACHMENTID
EDCHIEFCOMPLAINT,CONTEXTID|EDCHIEFCOMPLAINTID
ELIGIBILITYBENEFIT,CONTEXTID|ELIGIBILITYBENEFITID
ELIGIBILITYBENEFITDATE,CONTEXTID|ELIGIBILITYBENEFITDATEID
ELIGIBILITYRELATEDENTITY,CONTEXTID|ELIGIBILITYRELATEDENTITYID
ELIGIBILITYTRACK,CONTEXTID|ELIGIBILITYTRACKID
EMPLOYER,CONTEXTID|EMPLOYERID
ENROLLMENTCATEGORY,CONTEXTID|ENROLLMENTCATEGORYID
ENROLLMENTPARAMETER,CONTEXTID|ENROLLMENTPARAMETERID
ENROLLMENTPERIOD,CONTEXTID|ENROLLMENTPERIODID
EPAYMENT,CONTEXTID|EPAYMENTID
EPAYMENTCARD,CONTEXTID|EPAYMENTCARDID
EPAYMENTCONTRACT,CONTEXTID|EPAYMENTCONTRACTID
EPISODEOB,CONTEXTID|EPISODEOBID
EPISODEOBAUDR,CONTEXTID|EPISODEOBAUDRID
ERABATCH,CONTEXTID|ERABATCHID
ERABATCHCOPYMAP,CONTEXTID|ERABATCHCOPYMAPID
ERADETAIL,CONTEXTID|ERARECORDID
ERADISCARDSTATUSREASON,CONTEXTID|ERADISCARDSTATUSREASONID
ERAKICK,CONTEXTID|ERAKICKID
ERARECORD,CONTEXTID|ERARECORDID
ETHNICITY,CONTEXTID|ETHNICITYID
EXTENUATINGCIRCUMSTANCE,CONTEXTID|EXTENUATINGCIRCUMSTANCEID
EXTRACLAIMFIELD,CONTEXTID|EXTRACLAIMFIELDID
FAXPAGE,CONTEXTID|FAXPAGEID
FAXPAGEGROUP,CONTEXTID|FAXPAGEGROUPID
FDB_REVDMVX0,CONTEXTID|FDB_REVDMVX0ID
FDB_RMIID1,CONTEXTID|FDB_RMIID1ID
FDB_RNDC14,CONTEXTID|FDB_RNDC14ID
FEESCHEDALLOWABLECATEGORY,CONTEXTID|FEESCHEDALLOWABLECATEGORYID
FEESCHEDLOCALALLOWABLECATEGORY,CONTEXTID|FEESCHEDLOCALALLOWABLECATEGORYID
FEESCHEDULE,CONTEXTID|FEESCHEDULEID
FEESCHEDULECONDITION,CONTEXTID|FEESCHEDULECONDITIONID
FEESCHEDULEDEPARTMENT,CONTEXTID|FEESCHEDULEDEPARTMENTID
FEESCHEDULEMODIFIER,CONTEXTID|FEESCHEDULEMODIFIERID
FEESCHEDULEPROCEDURE,CONTEXTID|FEESCHEDULEID|PROCEDURECODE|OPERATIONID
FEESCHEDULETERM,CONTEXTID|FEESCHEDULETERMID
FLOWSHEET,CONTEXTID|FLOWSHEETID
GENDERIDENTITY,CONTEXTID|GENDERIDENTITYID
GESTATION,CONTEXTID|GESTATIONID
GESTATIONRACE,CONTEXTID|GESTATIONRACEID
GLBCLNOBPLANDISCUSSIONITEM,CONTEXTID|GLBCLNOBPLANDISCUSSIONITEMID
GLOBALAPPOINTMENTTYPE,CONTEXTID|GLOBALAPPOINTMENTTYPEID
GLOBALBIZREQUIREMENT,CONTEXTID|GLOBALBIZREQUIREMENTID
GLOBALFLOWSHEETELEMENT,CONTEXTID|GLOBALFLOWSHEETELEMENTID
GLOBALPATMSGGCSETTING,CONTEXTID|GLOBALPATMSGGCSETTINGID
GOVERNMENTDESIGNATION,CONTEXTID|GOVERNMENTDESIGNATIONID
GOVERNMENTFUNDEDTYPE,CONTEXTID|GOVERNMENTFUNDEDTYPEID
GPCIMULTIPLIER,CONTEXTID|GPCIMULTIPLIERID
HCCDISMISSALREASONCODE,CONTEXTID|HCCDISMISSALREASONCODEID
HCCFACTOR,CONTEXTID|HCCFACTORID
HCCHCCINTERACTION,CONTEXTID|HCCHCCINTERACTIONID
HCCHIERARCHYEXCLUSION,CONTEXTID|HCCHIERARCHYEXCLUSIONID
HCCICDCODEALL,CONTEXTID|HCCICDCODEALLID
HCCINTERACTIONGROUPMEMBER,CONTEXTID|HCCINTERACTIONGROUPMEMBERID
HCCMODELCONFIGURATION,CONTEXTID|HCCMODELCONFIGURATIONID
HCCVERSIONMGMT,CONTEXTID|HCCVERSIONMGMTID
ICDCODEALL,CONTEXTID|ICDCODEID
IMPORTTASKREQUEST,CONTEXTID|IMPORTTASKREQUESTID
INCENTIVEPROGRAM,CONTEXTID|INCENTIVEPROGRAMID
INSPACKAGERESTRICTION,CONTEXTID|INSPACKAGERESTRICTIONID
INSREPCAT_INSREPCATGRP,CONTEXTID|INSREPCAT_INSREPCATGRPID
INSREPORTINGCATEGORYGROUP,CONTEXTID|INSREPORTINGCATEGORYGROUPID
INSURANCECARDIMAGE,CONTEXTID|PATIENTINSURANCEATTACHMENTID
INSURANCEPACKAGE,CONTEXTID|INSURANCEPACKAGEID
INSURANCEPRODUCTTYPE,CONTEXTID|INSURANCEPRODUCTTYPEID
INSURANCEREPORTINGCATEGORY,CONTEXTID|INSURANCEREPORTINGCATEGORYID
INTERFACEMAP,CONTEXTID|INTERFACEMAPID
INTERFACEMESSAGE,CONTEXTID|INTERFACEMESSAGEID
INTERFACEMESSAGEDATA,CONTEXTID|INTERFACEMESSAGEDATAID
INTERFACEMESSAGEDATACLOB,CONTEXTID|INTERFACEMESSAGEDATAID
INTERFACEMESSAGELOG,CONTEXTID|INTERFACEMESSAGELOGID
INTERFACEMESSAGEPARAM,CONTEXTID|INTERFACEMESSAGEPARAMID
INTERFACETRANSLATION,CONTEXTID|INTERFACETRANSLATIONID
INVPREFCARDCLINORDTYPE,CONTEXTID|INVPREFCARDCLINORDTYPEID
INVPREFERENCECARD,CONTEXTID|INVPREFERENCECARDID
KICKREASON,CONTEXTID|KICKREASONID
LEVELOFCARE,CONTEXTID|LEVELOFCAREID
LOCALALLOWCATDATA,CONTEXTID|LOCALALLOWCATDATAID
LOCALBIZREQUIREMENT,CONTEXTID|LOCALBIZREQUIREMENTID
LOCALCHARGEGROUP,CONTEXTID|LOCALCHARGEGROUPID
LOCALCLAIMRULE,CONTEXTID|LOCALCLAIMRULEID
LOCALCLINICALELEMENTVALUE,CONTEXTID|LOCALCLINICALELEMENTVALUEID
LOCALCLINICALLABTEMPLATE,CONTEXTID|LOCALCLINICALLABTEMPLATEID
LOCALCLINICALLABTEMPLATEGRID,CONTEXTID|LOCALCLINICALLABTEMPLATEGRIDID
LOCALCLINICALLABTEMPLATELIST,CONTEXTID|LOCALCLINICALLABTEMPLATELISTID
LOCALCLINICALORDERROUTE,CONTEXTID|LOCALCLINICALORDERROUTEID
LOCALCLINICALORDERSETUSAGE,CONTEXTID|LOCALCLINICALORDERSETUSAGEID
LOCALCLINICALORDERTYPE,CONTEXTID|LOCALCLINICALORDERTYPEID
LOCALCLINICALPROVIDER,CONTEXTID|LOCALCLINICALPROVIDERID
LOCALCLINICALTEMPLATE,CONTEXTID|LOCALCLINICALTEMPLATEID
LOCALCLINICALTEMPLATEELEMENT,CONTEXTID|LOCALCLINICALTEMPLATEELEMENTID
LOCALCLINICALTEMPLATEPARAGRAPH,CONTEXTID|LOCALCLINICALTEMPLATEPARAGRAPHID
LOCALCLINICALTEMPLATESENTENCE,CONTEXTID|LOCALCLINICALTEMPLATESENTENCEID
LOCALDIAGNOSISNAME,CONTEXTID|LOCALDIAGNOSISNAMEID
LOCALORDERTYPEPROCCODE,CONTEXTID|LOCALORDERTYPEPROCCODEID
LOCALPATIENTAPPOINTMENTLABEL,CONTEXTID|LOCALPATIENTAPPOINTMENTLABELID
LOCALPHRSTATUS,CONTEXTID|LOCALPHRSTATUSID
LOCALPHRSTATUSPROVIDER,CONTEXTID|LOCALPHRSTATUSPROVIDERID
LOCALPROCEDURETEMPLATE,CONTEXTID|LOCALPROCEDURETEMPLATEID
LOCALPROCTEMPCHARGEGROUP,CONTEXTID|LOCALPROCTEMPCHARGEGROUPID
LOCALPROCTEMPLATEPROCCODE,CONTEXTID|LOCALPROCTEMPLATEPROCCODEID
LOCALQNRTEMPCHARGEGROUP,CONTEXTID|LOCALQNRTEMPCHARGEGROUPID
LOCALQNRTEMPLATEPROCCODE,CONTEXTID|LOCALQNRTEMPLATEPROCCODEID
LOCALREPORTINGCATEGORY,CONTEXTID|LOCALREPORTINGCATEGORYID
LOCALREPORTINGCATEGORYINS,CONTEXTID|LOCALREPORTINGCATEGORYINSID
LOCALTEXTMACRO,CONTEXTID|LOCALTEXTMACROID
LOCALTEXTMACROLOG,CONTEXTID|LOCALTEXTMACROLOGID
LOCALWORKLISTACTION,CONTEXTID|LOCALWORKLISTACTIONID
LOCALWORKLISTCATEGORY,CONTEXTID|LOCALWORKLISTCATEGORYID
LOCALWORKLISTRECORD,CONTEXTID|LOCALWORKLISTRECORDID
LOCALWORKLISTRECORDAUDR,CONTEXTID|LOCALWORKLISTRECORDAUDRID
LOCALWORKLISTTEAM,CONTEXTID|LOCALWORKLISTTEAMID
LOCCLNOBPLANDISCUSSIONITEM,CONTEXTID|LOCCLNOBPLANDISCUSSIONITEMID
LOGUSEREVENT,CONTEXTID|LOGUSEREVENTID
LOINC,CONTEXTID|LOINCID
MAILBOXCATEGORY,CONTEXTID|MAILBOXCATEGORYID
MAILBOXDEPOSIT,CONTEXTID|MAILBOXDEPOSITID
MAILBOXDEPOSITTYPE,CONTEXTID|MAILBOXDEPOSITTYPEID
MAILBOXGROUP,CONTEXTID|MAILBOXGROUPID
MASTERQUESTIONNAIRETEMPLATE,CONTEXTID|MASTERQUESTIONNAIRETEMPLATEID
MDPPARTNER,CONTEXTID|MDPPARTNERID
MEDICALGROUP,CONTEXTID|MEDICALGROUPID
MEDICALGROUPENROLLMENTSTATUS,CONTEXTID|MEDICALGROUPENROLLMENTSTATUSID
MEDICALGROUPFEESCHEDULE,CONTEXTID|MEDICALGROUPFEESCHEDULEID
MEDICALGROUPNUMBER,CONTEXTID|MEDICALGROUPNUMBERID
MEDICALGROUPNUMBERDEPARTMENT,CONTEXTID|MEDICALGROUPNUMBERDEPTID
MEDICATION,CONTEXTID|MEDICATIONID
MSPQANSWER,CONTEXTID|MSPQANSWERID
MSPQUESTIONNAIRE,CONTEXTID|MSPQUESTIONNAIREID
NETWORKBIZREQUIREMENT,CONTEXTID|NETWORKBIZREQUIREMENTID
NETWORKCLAIMRULE,CONTEXTID|NETWORKCLAIMRULEID
NEWPATIENT_APPOINTMENT,CONTEXTID|APPOINTMENT_ID
NEWPATIENT_SCHEDULE,CONTEXTID|APPOINTMENT_ID
NONINSURANCETYPE,CONTEXTID|NONINSURANCETYPEID
OFFICEORDERTYPEGRIDVALUE,CONTEXTID|OFFICEORDERTYPEGRIDVALUEID
OPERATINGROOM,CONTEXTID|OPERATINGROOMID
ORDERAUTH,CONTEXTID|ORDERAUTHID
ORDERAUTHAUDR,CONTEXTID|ORDERAUTHAUDRID
ORDERAUTHCPT,CONTEXTID|ORDERAUTHCPTID
ORDERAUTHINSURANCE,CONTEXTID|ORDERAUTHINSURANCEID
ORDERCHECKLISTDEPARTMENT,CONTEXTID
ORDERCHECKLISTELEMENT,CONTEXTID|ORDERCHECKLISTELEMENTID
ORDERCHECKLISTTEMPLATE,CONTEXTID|ORDERCHECKLISTTEMPLATEID
ORDERCHECKLISTVALUE,CONTEXTID|ORDERCHECKLISTVALUEID
ORDERDELEGATIONMAPPING,CONTEXTID|ORDERDELEGATIONMAPPINGID
ORDERNOTDONEREASON,CONTEXTID|ORDERNOTDONEREASONID
ORDERREQUEST,CONTEXTID|ORDERREQUESTID
ORDERSETDIAGNOSIS,CONTEXTID|ORDERSETDIAGNOSISID
ORDERSETDIAGNOSISSNOMED,CONTEXTID|ORDERSETDIAGNOSISSNOMEDID
OUTOFNETWORKREFERRALREASON,CONTEXTID|OUTOFNETWORKREFERRALREASONID
OUTSTANDINGPCHOICE,CONTEXTID|OUTSTANDINGPCHOICEID
P4PHCCBUDDYCODESETMEMBER,CONTEXTID|P4PHCCBUDDYCODESETMEMBERID
P4PHCCDXSUGGESTION,CONTEXTID|P4PHCCDXSUGGESTIONID
P4PHCCDXSUGGESTIONDISMISSAL,CONTEXTID|P4PHCCDXSUGGESTIONDISMISSALID
P4PHCCDXSUGGESTIONDISMISSALAUDIT,CONTEXTID|P4PHCCDXSGSTIONDISMISSAUDRID
P4PHCCDXSUGGESTIONSOURCE,CONTEXTID|P4PHCCDXSUGGESTIONSOURCEID
P4PHCCDXSUGGESTIONSOURCEAUDIT,CONTEXTID|P4PHCCDXSGSTIONSRCAUDRID
P4PHCCICDBUDDYCODESET,CONTEXTID|P4PHCCICDBUDDYCODESETID
P4PPATIENTRAFSCORELOG,CONTEXTID|P4PPATIENTRAFSCORELOGID
P4PRESULTDATA,CONTEXTID|P4PRESULTDATAID
P4PSUBMISSION,CONTEXTID|P4PSUBMISSIONID
P4PSUBMISSIONDATA,CONTEXTID|P4PSUBMISSIONDATAID
P4PSUBMISSIONGROUP,CONTEXTID|P4PSUBMISSIONGROUPID
PAGEVIEW,CONTEXTID|PAGEVIEWID
PAMAMODIFIER,CONTEXTID|PAMAMODIFIERID
PATIENT,CONTEXTID|ENTERPRISEID
PATIENTACCOUNTALARM,CONTEXTID|PATIENTACCOUNTALARMID
PATIENTACCOUNTALARMTYPE,CONTEXTID|PATIENTACCOUNTALARMTYPEID
PATIENTACCOUNTNOTE,CONTEXTID|PATIENTACCOUNTNOTEID
PATIENTALLERGY,CONTEXTID|PATIENTALLERGYID
PATIENTALLERGYREACTION,CONTEXTID|PATIENTALLERGYREACTIONID
PATIENTASSERTION,CONTEXTID|PATIENTASSERTIONID|TYPE
PATIENTAUDIT,CONTEXTID|ENTITYID|OPERATION
PATIENTCASE,CONTEXTID|PATIENTCASEID
PATIENTCLINICALPROBLEM,CONTEXTID|PATIENTCLINICALPROBLEMID
PATIENTCOMMUNICATORDETAIL,CONTEXTID|PATIENTCOMMUNICATORDETAILID
PATIENTCONTACTPREFERENCE,CONTEXTID|PATIENTCONTACTPREFERENCEID
PATIENTETHNICITY,CONTEXTID|PATIENTETHNICITYID
PATIENTFAMILYHISTORY,CONTEXTID|FAMILYHISTORYID|TYPE
PATIENTGPALHISTORY,CONTEXTID|PATIENTGPALHISTORYID
PATIENTINSURANCE,CONTEXTID|PATIENTINSURANCEID
PATIENTINSURANCEAUDIT,CONTEXTID|ENTITYID|OPERATION
PATIENTINSURANCECOPAY,CONTEXTID|PATIENTINSURANCECOPAYID
PATIENTLABELAPPTMATRIX,CONTEXTID|PATIENTLABELAPPTMATRIXID
PATIENTLABELAPPTMATRIXAUDR,CONTEXTID|PATIENTLABELAPPTMATRIXAUDRID
PATIENTLOCATION,CONTEXTID|PATIENTLOCATIONID
PATIENTLOCATIONDEPARTMENT,CONTEXTID|PATIENTLOCATIONDEPARTMENTID
PATIENTMEDICATION,CONTEXTID|PATIENTMEDICATIONID|MEDICATIONTYPE
PATIENTMESSAGEREQUEST,CONTEXTID|PATIENTMESSAGEREQUESTID
PATIENTMESSAGEREQUESTEMAIL,CONTEXTID|PATIENTMESSAGEREQUESTEMAILID
PATIENTMESSAGEREQUESTSMS,CONTEXTID|PATIENTMESSAGEREQUESTSMSID
PATIENTMESSAGESOURCE,CONTEXTID|PATIENTMESSAGESOURCEID
PATIENTOBGYNHISTORY,CONTEXTID|PATIENTOBGYNHISTORYID
PATIENTPASTMEDICALHISTORY,CONTEXTID|PASTMEDICALHISTORYID
PATIENTPAYMENT,CONTEXTID|PATIENTPAYMENTID
PATIENTPRIVACYNOTE,CONTEXTID|PATIENTPRIVACYNOTEID
PATIENTPROBLEM,CONTEXTID|PATIENTPROBLEMID|TYPE
PATIENTPROVIDER,CONTEXTID|PATIENTPROVIDERID|TYPE
PATIENTRACE,CONTEXTID|PATIENTRACEID
PATIENTRCNATTRVAL,CONTEXTID|PATIENTRCNATTRVALID
PATIENTRCNMAPPING,CONTEXTID|PATIENTRCNMAPPINGID
PATIENTRCNSRCATTRVAL,CONTEXTID|PATIENTRCNSRCATTRVALID
PATIENTRISKCONDITION,CONTEXTID|PATIENTRISKCONDITIONID
PATIENTRISKCONTRACT,CONTEXTID|PATIENTRISKCONTRACTID
PATIENTROUNDINGLIST,CONTEXTID|PATIENTROUNDINGLISTID
PATIENTSATISFACTIONAUDR,CONTEXTID|PATIENTSATISFACTIONAUDRID
PATIENTSATISFACTIONRESULT,CONTEXTID|PATIENTSATISFACTIONRESULTID
PATIENTSIMPLEHISTORY,CONTEXTID|PATIENTSIMPLEHISTORYID
PATIENTSNOMEDICD10,CONTEXTID|PATIENTSNOMEDICD10ID
PATIENTSNOMEDPROBLEM,CONTEXTID|PATIENTSNOMEDPROBLEMID
PATIENTSNOMEDPROBLEMAUDR,CONTEXTID|PATIENTSNOMEDPROBLEMAUDRID
PATIENTSOCIALHISTORY,CONTEXTID|SOCIALHISTORYID
PATIENTSTATEMENT,CONTEXTID|PATIENTSTATEMENTID
PATIENTSTATUSCODE,CONTEXTID|PATIENTSTATUSCODEID
PATIENTSURGERY,CONTEXTID|PATIENTSURGERYID|TYPE
PATIENTSURGICALHISTORY,CONTEXTID|PATIENTSURGICALHISTORYID
PATIENTVACCINE,CONTEXTID|PATIENTVACCINEID|TYPE
PATMSGGCSETTING,CONTEXTID|PATMSGGCSETTINGID
PAYER,CONTEXTID|INSURANCEPACKAGEID|SOURCETYPE
PAYERDIAGNOSISVERSION,CONTEXTID|PAYERDIAGNOSISVERSIONID
PAYMENTBATCH,CONTEXTID|PAYMENTBATCHID
PAYMENTPLAN,CONTEXTID|PAYMENTPLANID
PAYMENTPLANTYPE,CONTEXTID|PAYMENTPLANTYPEID
PAYTOADDRESS,CONTEXTID|PAYTOADDRESSID
PCAUTOMATEDMESSAGELOG,CONTEXTID|PCAUTOMATEDMESSAGELOGID
PCCAMPAIGNLOG,CONTEXTID|PCCAMPAIGNLOGID
PCCAMPAIGNTYPE,CONTEXTID|PCCAMPAIGNTYPEID
PCRESULTCODE,CONTEXTID|PCRESULTCODEID
PDMPREPORTLOG,CONTEXTID|PDMPREPORTLOGID
PLACEOFSERVICE,CONTEXTID|PLACEOFSERVICEID
PMGMESSAGINGCONTENT,CONTEXTID|PMGMESSAGINGCONTENTID
PORTALADOPTIONACTION,CONTEXTID|PORTALADOPTIONACTIONID
PORTALADOPTIONACTIONCLASS,CONTEXTID|PORTALADOPTIONACTIONCLASSID
PORTALFORM,CONTEXTID|PORTALFORMID
PORTALFORMSECTION,CONTEXTID|PORTALFORMSECTIONID
PORTALFORMSECTIONSTATUS,CONTEXTID|PORTALFORMSECTIONSTATUSID
PORTALSETTING,CONTEXTID|PORTALSETTINGID
PORTALTHIRDPARTYUSER,CONTEXTID|PORTALTHIRDPARTYUSERID
PORTALUSERMAPPING,CONTEXTID|PORTALUSERMAPPINGID
PORTALUSERPERMISSION,CONTEXTID|PORTALUSERPERMISSIONID
PORTALUSERRELATIONSHIP,CONTEXTID|PORTALUSERRELATIONSHIPID
POSTOPERATIVECOMPLICATION,CONTEXTID|POSTOPERATIVECOMPLICATIONID
PRACTICEROLE,CONTEXTID|PRACTICEROLEID
PRACTICEROLEDEPARTMENT,CONTEXTID|PRACTICEROLEDEPARTMENTID
PRACTICEROLEUSER,CONTEXTID|PRACTICEROLEUSERID
PREPAYMENT,CONTEXTID|PREPAYMENTID
PREPAYMENTCLAIMS,CONTEXTID|PREPAYMENTCLAIMSID
PREPAYMENTTYPE,CONTEXTID|PREPAYMENTTYPEID
PREVIOUSNAME,CONTEXTID|PREVIOUSNAMEID
PREVIOUSNAMETYPE,CONTEXTID|PREVIOUSNAMETYPEID
PROBLEMLIST,CONTEXTID|PROBLEMLISTID
PROBLEMLISTTYPE,CONTEXTID|PROBLEMLISTTYPEID
PROCEDURECODE,CONTEXTID|PROCEDURECODEID
PROCEDURECODEGROUP,CONTEXTID|PROCEDURECODEGROUPID
PROCEDURECODEMODIFIER,CONTEXTID|PROCEDURECODEMODIFIERID
PROCEDURECODEREFERENCE,CONTEXTID|PROCEDURECODE
PROCEDURECODEREFGROUP,CONTEXTID|PROCEDURECODEREFGROUPID
PRODUCTTYPE,CONTEXTID|PRODUCTTYPEID
PROVIDER,CONTEXTID|PROVIDERID
PROVIDERAUDR,CONTEXTID|PROVIDERAUDRID
PROVIDERDIRECTADDRESS,CONTEXTID|PROVIDERDIRECTADDRESSID
PROVIDERENROLLMENTSTATUS,CONTEXTID|PROVIDERENROLLMENTSTATUSID
PROVIDERFEESCHEDULE,CONTEXTID|PROVIDERFEESCHEDULEID
PROVIDERGROUP,CONTEXTID|PROVIDERGROUPID
PROVIDERNUMBER,CONTEXTID|PROVIDERNUMBERID
PROVIDERNUMBERCATEGORY,CONTEXTID|PROVIDERNUMBERCATEGORYID
PROVIDERNUMBERDEPARTMENT,CONTEXTID|PROVIDERNUMBERDEPARTMENTID
PROVIDERRECORDNUMBER,CONTEXTID|PROVIDERRECORDNUMBERID
PROVIDERTYPE,CONTEXTID|PROVIDERTYPEID
PROVIDERTYPEFEESCHEDULE,CONTEXTID|PROVIDERTYPEFEESCHEDULEID
PUBLICHEALTHREGISTRY,CONTEXTID|PUBLICHEALTHREGISTRYID
PUBLICHEALTHREGISTRYSTATUS,CONTEXTID|PUBLICHEALTHREGISTRYSTATUSID
QMCAMPAIGN,CONTEXTID|QMCAMPAIGNID
QMRESULT,CONTEXTID|PROVIDERID|PATIENTID|CHARTID|P4PPROGRAM|P4PMEASURE
QNRMETAQUESTION,CONTEXTID|QNRMETAQUESTIONID
QNRMETAQUESTIONANSWER,CONTEXTID|QNRMETAQUESTIONANSWERID
QUESTIONNAIREQUESTION,CONTEXTID|QUESTIONNAIREQUESTIONID
QUESTIONNAIREQUESTIONANSWER,CONTEXTID|QUESTIONNAIREQUESTIONANSWERID
QUESTIONNAIRETEMPLATEQUESTION,CONTEXTID|QUESTIONNAIRETEMPLATEQUESTIONID
RAMATTRIBUTE,CONTEXTID|RAMATTRIBUTEID
RCNRAMATTRVAL,CONTEXTID|RCNRAMATTRVALID
RCNSUGGESTIONMAPPING,CONTEXTID|RCNSUGGESTIONMAPPINGID
RECORDNUMBERCATEGORY,CONTEXTID|RECORDNUMBERCATEGORYID
RECORDNUMBERCATEGORYAUDR,CONTEXTID|RECORDNUMBERCATEGORYAUDRID
RECORDNUMBERSELECT,CONTEXTID|RECORDNUMBERSELECTID
RECORDNUMBERSELECTAUDR,CONTEXTID|RECORDNUMBERSELECTAUDRID
REFERRALADMINLINK,CONTEXTID|REFERRALADMINLINKID
REFERRALAPPOINTMENTLINK,CONTEXTID|REFERRALAPPOINTMENTLINKID
REFERRALAUTHAUDR,CONTEXTID|REFERRALAUTHAUDRID
REFERRALAUTHDIAGNOSISCODE,CONTEXTID|REFERRALAUTHDIAGNOSISID
REFERRALAUTHORIZATION,CONTEXTID|REFERRALAUTHID
REFERRALAUTHPROCEDURECODE,CONTEXTID|REFERRALAUTHPROCEDURECODEID
REFERRALSOURCE,CONTEXTID|REFERRALSOURCEID
REFERRALSOURCEAUDR,CONTEXTID|REFERRALSOURCEAUDRID
REFERRINGPROVIDER,CONTEXTID|REFERRINGPROVIDERID
REFERRINGPROVIDERGROUP,CONTEXTID|REFERRINGPROVIDERGROUPID
REFERRINGPROVIDERNUMBER,CONTEXTID|REFERRINGPROVIDERNUMBERID
REJECTIONREASON,CONTEXTID|REJECTIONREASONID
RELEASEAUTH,CONTEXTID|RELEASEAUTHID
REPORTINGGROUP,CONTEXTID|REPORTINGGROUPID
REPORTINGGROUPCATEGORY,CONTEXTID|REPORTINGGROUPCATEGORYID
REPORTINGGROUPDEPARTMENT,CONTEXTID|REPORTINGGROUP_DEPARTMENTID
REPORTINGGROUPMAP,CONTEXTID|REPORTINGGROUPMAPID
REPORTINGGROUPPROVIDER,CONTEXTID|REPORTINGGROUP_PROVIDERID
REPORTINGGROUPPROVIDERGROUP,CONTEXTID|REPORTINGGROUP_PROVIDERGROUPID
REPORTMAPDATA,CONTEXTID|REPORTMAPDATAID
REPORTMAPFIELD,CONTEXTID|REPORTMAPFIELDID
REPORTMAPKEY,CONTEXTID|REPORTMAPKEYID
RESULTPORTALEXCLUDEREASON,CONTEXTID|RESULTPORTALEXCLUDEREASONID
REVENUECODE,CONTEXTID|REVENUECODEID
RISKADJUSTMENTFACTOR,CONTEXTID|RISKADJUSTMENTFACTORID
RISKADJUSTMENTMODEL,CONTEXTID|RISKADJUSTMENTMODELID
RISKCONDITION,CONTEXTID|RISKCONDITIONID
RISKCONDITIONRAMMAP,CONTEXTID|RISKCONDITIONRAMMAPID
RISKCONDITIONSRCATTR,CONTEXTID|RISKCONDITIONSRCATTRID
RISKCONDITIONSRCTYPE,CONTEXTID|RISKCONDITIONSRCTYPEID
RISKCONDITIONSTATENAME,CONTEXTID|RISKCONDITIONSTATENAMEID
RISKCONTRACT,CONTEXTID|RISKCONTRACTID
RISKMODELVERSION,CONTEXTID|RISKMODELVERSIONID
RISKPARTNER,CONTEXTID|RISKPARTNERID
ROLEPERMISSION,CONTEXTID|USERACCESSID|USERACCESSSOURCE|ROLEPERMISSIONID|ROLEPERMISSIONSOURCE
RULEREPORTINGCATEGORY,CONTEXTID|RULEREPORTINGCATEGORYID
RVU,CONTEXTID|RVUID
SAVEDSCRUBDATA,CONTEXTID|SAVEDSCRUBDATAID
SCANPAGEMETADATA,CONTEXTID|SCANPAGEMETADATAID
SELFCHECKINSECTION,CONTEXTID|SELFCHECKINSECTIONID
SELFCHECKINSECTIONCLASS,CONTEXTID|SELFCHECKINSECTIONCLASSID
SELFCHECKINSTATUS,CONTEXTID|SELFCHECKINSTATUSID
SELFCHECKINWORKFLOW,CONTEXTID|SELFCHECKINWORKFLOWID
SELFPAYCALLCAMPAIGN,CONTEXTID|SELFPAYCALLCAMPAIGNID
SERVICELOCATION,CONTEXTID|SERVICELOCATIONID
SERVICELOCATIONMAP,CONTEXTID|SERVICELOCATIONMAPID
SIGNATURESOURCE,CONTEXTID|SIGNATURESOURCEID
SLIDINGFEEPLAN,CONTEXTID|SLIDINGFEEPLANID
SLIDINGFEEPROGRAM,CONTEXTID|SLIDINGFEEPROGRAMID
SLOTACTION,CONTEXTID|SLOTACTIONID
SLOT_FUTURE,CONTEXTID|APPOINTMENT_ID|_EXTRACT_DATE_
SLOT_HISTORICAL,CONTEXTID|APPOINTMENT_ID
SNOMED,CONTEXTID|SNOMEDCODE
SNOMEDICD10MAP,CONTEXTID|SNOMEDICD10MAPID
SOCIALHXFORMQUESTION,CONTEXTID|SOCIALHXFORMQUESTIONID
SOCIALHXFORMRESPONSE,CONTEXTID|SOCIALHXFORMRESPONSEID
SOCIALHXFORMRESPONSEANSWER,CONTEXTID|SOCIALHXFORMRESPONSEANSWERID
SPECIALTY,CONTEXTID|SPECIALTYID
SPECIALTYCOTMAPPING,CONTEXTID|SPECIALTYCOTMAPPINGID
SPECIALTYFEESCHEDULE,CONTEXTID|SPECIALTYFEESCHEDULEID
SQLREPORT,CONTEXTID|SQLREPORTID
SQLREPORTAUDR,CONTEXTID|SQLREPORTAUDRID
STAFFTEMPLATE,CONTEXTID|STAFFTEMPLATEID
SURGICALHISTORYPROCEDURE,CONTEXTID|SURGICALHISTORYPROCEDUREID
SURGICALHXPROCEDURESNOMED,CONTEXTID|SURGICALHXPROCEDURESNOMEDID
TABLESPACEINFO,CONTEXTID|TABLESPACEINFOID
TABLESPACEINFOAUDIT,CONTEXTID|TABLESPACEINFOAUDITID
TABLESPACEINFOAUDR,CONTEXTID|TABLESPACEINFOAUDRID
TELEHEALTH,CONTEXTID|APPOINTMENT_ID
TEMPCLAIMDIAGNOSIS,CONTEXTID|TEMPCLAIMDIAGNOSISID
TEMPCLAIMDIAGNOSISAUDR,CONTEXTID|TEMPCLAIMDIAGNOSISAUDRID
TERMINAL,CONTEXTID|TERMINALID
TIMESHEET,CONTEXTID|TIMESHEETID
TIMESHEETBATCH,CONTEXTID|TIMESHEETBATCHID
TIMESHEETENTRY,CONTEXTID|TIMESHEETENTRYID
TIMESHEETENTRYTRANSACTION,CONTEXTID|TIMESHEETENTRYTRANSACTIONID
TIMEZONECONFIGURATION,CONTEXTID|TIMEZONECONFIGURATIONID
TOSCHARGEPATIENTOUTSTANDING,CONTEXTID|TOSCHGPATIENTOUTSTANDINGID
TRANSACTION,CONTEXTID|TRANSACTIONID|REVERSALFLAG
TRANSACTIONBILLINGBATCH,CONTEXTID|TRANSACTIONBILLINGBATCHID
TRANSACTIONEXTENSION,CONTEXTID|TRANSACTIONEXTENSIONID
UNAPPLIED,CONTEXTID|UNAPPLIEDID|REVERSALFLAG
UNPOSTABLE,CONTEXTID|UNPOSTABLEID|REVERSALFLAG
UNPOSTABLEAUDIT,CONTEXTID|UNPOSTABLEAUDITID
USERACCESS,CONTEXTID|USERACCESSID
USERCONTEXT,CONTEXTID|USERCONTEXTID
USERDEPARTMENT,CONTEXTID|USERDEPARTMENTID
USERIDENTITYMAPPING,CONTEXTID|USERIDENTITYMAPPINGID
USERPOSITION,CONTEXTID|USERPOSITIONID
USERPREFERENCECONTEXT,CONTEXTID|USERPREFERENCECONTEXTID
USERPROFILE,CONTEXTID|USERPROFILEID|USERCONTEXTID
USERPROFILEAUDR,CONTEXTID|USERPROFILEAUDRID
USERPROVIDERACCESS,CONTEXTID|USERPROVIDERACCESSID
VACCINEREFUSEDREASON,CONTEXTID|VACCINEREFUSEDREASONID
VACCINEREFUSEDREASONCODE,CONTEXTID|VACCINEREFUSEDREASONCODEID
VENDORTRANSACTIONBILLINGBATCH,CONTEXTID|VENDORTRANSACTIONBILLINGBATCHID
VISIT,CONTEXTID|VISITID
VISITBILLVISIT,CONTEXTID|VISITBILLVISITID
VISITCHARGE,CONTEXTID|VISITCHARGEID
VITAL,CONTEXTID|VITALID
VITALATTRIBUTE,CONTEXTID|VITALATTRIBUTEID
VITALATTRIBUTEGROUP,CONTEXTID|VITALATTRIBUTEGROUPID
VITALATTRIBUTEREADING,CONTEXTID|VITALATTRIBUTEREADINGID
VITALATTRIBUTEVALUE,CONTEXTID|VITALATTRIBUTEVALUEID
VITALSIGN,CONTEXTID|ENCOUNTERDATAID|TYPE
WAITLIST,CONTEXTID|WAITLISTID
WAITLISTAPPOINTMENTTYPE,CONTEXTID|WAITLISTAPPOINTMENTTYPEID
WAITLISTDAYOFWEEK,CONTEXTID|WAITLISTDAYOFWEEKID
WAITLISTDEPARTMENT,CONTEXTID|WAITLISTDEPARTMENTID
WAITLISTPROVIDER,CONTEXTID|WAITLISTPROVIDERID
WEBPORTALLOG,CONTEXTID|WEBPORTALLOGID
WORKLISTRECORD,CONTEXTID|WORKLISTRECORDID
ZIPCODEGPCILOCATIONMAPPING,CONTEXTID|ZIPCODEGPCILOCATIONMAPPINGID
